Zone Name,Region,Population,Area Sq Km,Opened On,Is Active
Bulk Zone 0001,North,1001,1.5,2026-06-02,yes
Bulk Zone 0002,South,1002,2.5,2026-06-03,yes
Bulk Zone 0003,North,1003,3.5,2026-06-04,no
Bulk Zone 0004,South,1004,4.5,2026-06-05,yes
Bulk Zone 0005,North,1005,5.5,2026-06-06,yes
Bulk Zone 0006,South,1006,6.5,2026-06-07,no
Bulk Zone 0007,North,1007,7.5,2026-06-08,yes
Bulk Zone 0008,South,1008,8.5,2026-06-09,yes
Bulk Zone 0009,North,1009,9.5,2026-06-10,no
Bulk Zone 0010,South,1010,10.5,2026-06-11,yes
Bulk Zone 0011,North,1011,11.5,2026-06-12,yes
Bulk Zone 0012,South,1012,12.5,2026-06-13,no
Bulk Zone 0013,North,1013,13.5,2026-06-14,yes
Bulk Zone 0014,South,1014,14.5,2026-06-15,yes
Bulk Zone 0015,North,1015,15.5,2026-06-16,no
Bulk Zone 0016,South,1016,16.5,2026-06-17,yes
Bulk Zone 0017,North,1017,17.5,2026-06-18,yes
Bulk Zone 0018,South,1018,18.5,2026-06-19,no
Bulk Zone 0019,North,1019,19.5,2026-06-20,yes
Bulk Zone 0020,South,1020,20.5,2026-06-21,yes
Bulk Zone 0021,North,1021,21.5,2026-06-22,no
Bulk Zone 0022,South,1022,22.5,2026-06-23,yes
Bulk Zone 0023,North,1023,23.5,2026-06-24,yes
Bulk Zone 0024,South,1024,24.5,2026-06-25,no
Bulk Zone 0025,North,1025,25.5,2026-06-26,yes
Bulk Zone 0026,South,1026,26.5,2026-06-27,yes
Bulk Zone 0027,North,1027,27.5,2026-06-28,no
Bulk Zone 0028,South,1028,28.5,2026-06-01,yes
Bulk Zone 0029,North,1029,29.5,2026-06-02,yes
Bulk Zone 0030,South,1030,30.5,2026-06-03,no
Bulk Zone 0031,North,1031,31.5,2026-06-04,yes
Bulk Zone 0032,South,1032,32.5,2026-06-05,yes
Bulk Zone 0033,North,1033,33.5,2026-06-06,no
Bulk Zone 0034,South,1034,34.5,2026-06-07,yes
Bulk Zone 0035,North,1035,35.5,2026-06-08,yes
Bulk Zone 0036,South,1036,36.5,2026-06-09,no
Bulk Zone 0037,North,1037,37.5,2026-06-10,yes
Bulk Zone 0038,South,1038,38.5,2026-06-11,yes
Bulk Zone 0039,North,1039,39.5,2026-06-12,no
Bulk Zone 0040,South,1040,40.5,2026-06-13,yes
Bulk Zone 0041,North,1041,41.5,2026-06-14,yes
Bulk Zone 0042,South,1042,42.5,2026-06-15,no
Bulk Zone 0043,North,1043,43.5,2026-06-16,yes
Bulk Zone 0044,South,1044,44.5,2026-06-17,yes
Bulk Zone 0045,North,1045,45.5,2026-06-18,no
Bulk Zone 0046,South,1046,46.5,2026-06-19,yes
Bulk Zone 0047,North,1047,47.5,2026-06-20,yes
Bulk Zone 0048,South,1048,48.5,2026-06-21,no
Bulk Zone 0049,North,1049,49.5,2026-06-22,yes
Bulk Zone 0050,South,1050,50.5,2026-06-23,yes
Bulk Zone 0051,North,1051,51.5,2026-06-24,no
Bulk Zone 0052,South,1052,52.5,2026-06-25,yes
Bulk Zone 0053,North,1053,53.5,2026-06-26,yes
Bulk Zone 0054,South,1054,54.5,2026-06-27,no
Bulk Zone 0055,North,1055,55.5,2026-06-28,yes
Bulk Zone 0056,South,1056,56.5,2026-06-01,yes
Bulk Zone 0057,North,1057,57.5,2026-06-02,no
Bulk Zone 0058,South,1058,58.5,2026-06-03,yes
Bulk Zone 0059,North,1059,59.5,2026-06-04,yes
Bulk Zone 0060,South,1060,60.5,2026-06-05,no
Bulk Zone 0061,North,1061,61.5,2026-06-06,yes
Bulk Zone 0062,South,1062,62.5,2026-06-07,yes
Bulk Zone 0063,North,1063,63.5,2026-06-08,no
Bulk Zone 0064,South,1064,64.5,2026-06-09,yes
Bulk Zone 0065,North,1065,65.5,2026-06-10,yes
Bulk Zone 0066,South,1066,66.5,2026-06-11,no
Bulk Zone 0067,North,1067,67.5,2026-06-12,yes
Bulk Zone 0068,South,1068,68.5,2026-06-13,yes
Bulk Zone 0069,North,1069,69.5,2026-06-14,no
Bulk Zone 0070,South,1070,70.5,2026-06-15,yes
Bulk Zone 0071,North,1071,71.5,2026-06-16,yes
Bulk Zone 0072,South,1072,72.5,2026-06-17,no
Bulk Zone 0073,North,1073,73.5,2026-06-18,yes
Bulk Zone 0074,South,1074,74.5,2026-06-19,yes
Bulk Zone 0075,North,1075,75.5,2026-06-20,no
Bulk Zone 0076,South,1076,76.5,2026-06-21,yes
Bulk Zone 0077,North,1077,77.5,2026-06-22,yes
Bulk Zone 0078,South,1078,78.5,2026-06-23,no
Bulk Zone 0079,North,1079,79.5,2026-06-24,yes
Bulk Zone 0080,South,1080,80.5,2026-06-25,yes
Bulk Zone 0081,North,1081,81.5,2026-06-26,no
Bulk Zone 0082,South,1082,82.5,2026-06-27,yes
Bulk Zone 0083,North,1083,83.5,2026-06-28,yes
Bulk Zone 0084,South,1084,84.5,2026-06-01,no
Bulk Zone 0085,North,1085,85.5,2026-06-02,yes
Bulk Zone 0086,South,1086,86.5,2026-06-03,yes
Bulk Zone 0087,North,1087,87.5,2026-06-04,no
Bulk Zone 0088,South,1088,88.5,2026-06-05,yes
Bulk Zone 0089,North,1089,89.5,2026-06-06,yes
Bulk Zone 0090,South,1090,0.5,2026-06-07,no
Bulk Zone 0091,North,1091,1.5,2026-06-08,yes
Bulk Zone 0092,South,1092,2.5,2026-06-09,yes
Bulk Zone 0093,North,1093,3.5,2026-06-10,no
Bulk Zone 0094,South,1094,4.5,2026-06-11,yes
Bulk Zone 0095,North,1095,5.5,2026-06-12,yes
Bulk Zone 0096,South,1096,6.5,2026-06-13,no
Bulk Zone 0097,North,1097,7.5,2026-06-14,yes
Bulk Zone 0098,South,1098,8.5,2026-06-15,yes
Bulk Zone 0099,North,1099,9.5,2026-06-16,no
Bulk Zone 0100,South,1100,10.5,2026-06-17,yes
Bulk Zone 0101,North,1101,11.5,2026-06-18,yes
Bulk Zone 0102,South,1102,12.5,2026-06-19,no
Bulk Zone 0103,North,1103,13.5,2026-06-20,yes
Bulk Zone 0104,South,1104,14.5,2026-06-21,yes
Bulk Zone 0105,North,1105,15.5,2026-06-22,no
Bulk Zone 0106,South,1106,16.5,2026-06-23,yes
Bulk Zone 0107,North,1107,17.5,2026-06-24,yes
Bulk Zone 0108,South,1108,18.5,2026-06-25,no
Bulk Zone 0109,North,1109,19.5,2026-06-26,yes
Bulk Zone 0110,South,1110,20.5,2026-06-27,yes
Bulk Zone 0111,North,1111,21.5,2026-06-28,no
Bulk Zone 0112,South,1112,22.5,2026-06-01,yes
Bulk Zone 0113,North,1113,23.5,2026-06-02,yes
Bulk Zone 0114,South,1114,24.5,2026-06-03,no
Bulk Zone 0115,North,1115,25.5,2026-06-04,yes
Bulk Zone 0116,South,1116,26.5,2026-06-05,yes
Bulk Zone 0117,North,1117,27.5,2026-06-06,no
Bulk Zone 0118,South,1118,28.5,2026-06-07,yes
Bulk Zone 0119,North,1119,29.5,2026-06-08,yes
Bulk Zone 0120,South,1120,30.5,2026-06-09,no
Bulk Zone 0121,North,1121,31.5,2026-06-10,yes
Bulk Zone 0122,South,1122,32.5,2026-06-11,yes
Bulk Zone 0123,North,1123,33.5,2026-06-12,no
Bulk Zone 0124,South,1124,34.5,2026-06-13,yes
Bulk Zone 0125,North,1125,35.5,2026-06-14,yes
Bulk Zone 0126,South,1126,36.5,2026-06-15,no
Bulk Zone 0127,North,1127,37.5,2026-06-16,yes
Bulk Zone 0128,South,1128,38.5,2026-06-17,yes
Bulk Zone 0129,North,1129,39.5,2026-06-18,no
Bulk Zone 0130,South,1130,40.5,2026-06-19,yes
Bulk Zone 0131,North,1131,41.5,2026-06-20,yes
Bulk Zone 0132,South,1132,42.5,2026-06-21,no
Bulk Zone 0133,North,1133,43.5,2026-06-22,yes
Bulk Zone 0134,South,1134,44.5,2026-06-23,yes
Bulk Zone 0135,North,1135,45.5,2026-06-24,no
Bulk Zone 0136,South,1136,46.5,2026-06-25,yes
Bulk Zone 0137,North,1137,47.5,2026-06-26,yes
Bulk Zone 0138,South,1138,48.5,2026-06-27,no
Bulk Zone 0139,North,1139,49.5,2026-06-28,yes
Bulk Zone 0140,South,1140,50.5,2026-06-01,yes
Bulk Zone 0141,North,1141,51.5,2026-06-02,no
Bulk Zone 0142,South,1142,52.5,2026-06-03,yes
Bulk Zone 0143,North,1143,53.5,2026-06-04,yes
Bulk Zone 0144,South,1144,54.5,2026-06-05,no
Bulk Zone 0145,North,1145,55.5,2026-06-06,yes
Bulk Zone 0146,South,1146,56.5,2026-06-07,yes
Bulk Zone 0147,North,1147,57.5,2026-06-08,no
Bulk Zone 0148,South,1148,58.5,2026-06-09,yes
Bulk Zone 0149,North,1149,59.5,2026-06-10,yes
Bulk Zone 0150,South,1150,60.5,2026-06-11,no
Bulk Zone 0151,North,1151,61.5,2026-06-12,yes
Bulk Zone 0152,South,1152,62.5,2026-06-13,yes
Bulk Zone 0153,North,1153,63.5,2026-06-14,no
Bulk Zone 0154,South,1154,64.5,2026-06-15,yes
Bulk Zone 0155,North,1155,65.5,2026-06-16,yes
Bulk Zone 0156,South,1156,66.5,2026-06-17,no
Bulk Zone 0157,North,1157,67.5,2026-06-18,yes
Bulk Zone 0158,South,1158,68.5,2026-06-19,yes
Bulk Zone 0159,North,1159,69.5,2026-06-20,no
Bulk Zone 0160,South,1160,70.5,2026-06-21,yes
Bulk Zone 0161,North,1161,71.5,2026-06-22,yes
Bulk Zone 0162,South,1162,72.5,2026-06-23,no
Bulk Zone 0163,North,1163,73.5,2026-06-24,yes
Bulk Zone 0164,South,1164,74.5,2026-06-25,yes
Bulk Zone 0165,North,1165,75.5,2026-06-26,no
Bulk Zone 0166,South,1166,76.5,2026-06-27,yes
Bulk Zone 0167,North,1167,77.5,2026-06-28,yes
Bulk Zone 0168,South,1168,78.5,2026-06-01,no
Bulk Zone 0169,North,1169,79.5,2026-06-02,yes
Bulk Zone 0170,South,1170,80.5,2026-06-03,yes
Bulk Zone 0171,North,1171,81.5,2026-06-04,no
Bulk Zone 0172,South,1172,82.5,2026-06-05,yes
Bulk Zone 0173,North,1173,83.5,2026-06-06,yes
Bulk Zone 0174,South,1174,84.5,2026-06-07,no
Bulk Zone 0175,North,1175,85.5,2026-06-08,yes
Bulk Zone 0176,South,1176,86.5,2026-06-09,yes
Bulk Zone 0177,North,1177,87.5,2026-06-10,no
Bulk Zone 0178,South,1178,88.5,2026-06-11,yes
Bulk Zone 0179,North,1179,89.5,2026-06-12,yes
Bulk Zone 0180,South,1180,0.5,2026-06-13,no
Bulk Zone 0181,North,1181,1.5,2026-06-14,yes
Bulk Zone 0182,South,1182,2.5,2026-06-15,yes
Bulk Zone 0183,North,1183,3.5,2026-06-16,no
Bulk Zone 0184,South,1184,4.5,2026-06-17,yes
Bulk Zone 0185,North,1185,5.5,2026-06-18,yes
Bulk Zone 0186,South,1186,6.5,2026-06-19,no
Bulk Zone 0187,North,1187,7.5,2026-06-20,yes
Bulk Zone 0188,South,1188,8.5,2026-06-21,yes
Bulk Zone 0189,North,1189,9.5,2026-06-22,no
Bulk Zone 0190,South,1190,10.5,2026-06-23,yes
Bulk Zone 0191,North,1191,11.5,2026-06-24,yes
Bulk Zone 0192,South,1192,12.5,2026-06-25,no
Bulk Zone 0193,North,1193,13.5,2026-06-26,yes
Bulk Zone 0194,South,1194,14.5,2026-06-27,yes
Bulk Zone 0195,North,1195,15.5,2026-06-28,no
Bulk Zone 0196,South,1196,16.5,2026-06-01,yes
Bulk Zone 0197,North,1197,17.5,2026-06-02,yes
Bulk Zone 0198,South,1198,18.5,2026-06-03,no
Bulk Zone 0199,North,1199,19.5,2026-06-04,yes
Bulk Zone 0200,South,1200,20.5,2026-06-05,yes
Bulk Zone 0201,North,1201,21.5,2026-06-06,no
Bulk Zone 0202,South,1202,22.5,2026-06-07,yes
Bulk Zone 0203,North,1203,23.5,2026-06-08,yes
Bulk Zone 0204,South,1204,24.5,2026-06-09,no
Bulk Zone 0205,North,1205,25.5,2026-06-10,yes
Bulk Zone 0206,South,1206,26.5,2026-06-11,yes
Bulk Zone 0207,North,1207,27.5,2026-06-12,no
Bulk Zone 0208,South,1208,28.5,2026-06-13,yes
Bulk Zone 0209,North,1209,29.5,2026-06-14,yes
Bulk Zone 0210,South,1210,30.5,2026-06-15,no
Bulk Zone 0211,North,1211,31.5,2026-06-16,yes
Bulk Zone 0212,South,1212,32.5,2026-06-17,yes
Bulk Zone 0213,North,1213,33.5,2026-06-18,no
Bulk Zone 0214,South,1214,34.5,2026-06-19,yes
Bulk Zone 0215,North,1215,35.5,2026-06-20,yes
Bulk Zone 0216,South,1216,36.5,2026-06-21,no
Bulk Zone 0217,North,1217,37.5,2026-06-22,yes
Bulk Zone 0218,South,1218,38.5,2026-06-23,yes
Bulk Zone 0219,North,1219,39.5,2026-06-24,no
Bulk Zone 0220,South,1220,40.5,2026-06-25,yes
Bulk Zone 0221,North,1221,41.5,2026-06-26,yes
Bulk Zone 0222,South,1222,42.5,2026-06-27,no
Bulk Zone 0223,North,1223,43.5,2026-06-28,yes
Bulk Zone 0224,South,1224,44.5,2026-06-01,yes
Bulk Zone 0225,North,1225,45.5,2026-06-02,no
Bulk Zone 0226,South,1226,46.5,2026-06-03,yes
Bulk Zone 0227,North,1227,47.5,2026-06-04,yes
Bulk Zone 0228,South,1228,48.5,2026-06-05,no
Bulk Zone 0229,North,1229,49.5,2026-06-06,yes
Bulk Zone 0230,South,1230,50.5,2026-06-07,yes
Bulk Zone 0231,North,1231,51.5,2026-06-08,no
Bulk Zone 0232,South,1232,52.5,2026-06-09,yes
Bulk Zone 0233,North,1233,53.5,2026-06-10,yes
Bulk Zone 0234,South,1234,54.5,2026-06-11,no
Bulk Zone 0235,North,1235,55.5,2026-06-12,yes
Bulk Zone 0236,South,1236,56.5,2026-06-13,yes
Bulk Zone 0237,North,1237,57.5,2026-06-14,no
Bulk Zone 0238,South,1238,58.5,2026-06-15,yes
Bulk Zone 0239,North,1239,59.5,2026-06-16,yes
Bulk Zone 0240,South,1240,60.5,2026-06-17,no
Bulk Zone 0241,North,1241,61.5,2026-06-18,yes
Bulk Zone 0242,South,1242,62.5,2026-06-19,yes
Bulk Zone 0243,North,1243,63.5,2026-06-20,no
Bulk Zone 0244,South,1244,64.5,2026-06-21,yes
Bulk Zone 0245,North,1245,65.5,2026-06-22,yes
Bulk Zone 0246,South,1246,66.5,2026-06-23,no
Bulk Zone 0247,North,1247,67.5,2026-06-24,yes
Bulk Zone 0248,South,1248,68.5,2026-06-25,yes
Bulk Zone 0249,North,1249,69.5,2026-06-26,no
Bulk Zone 0250,South,1250,70.5,2026-06-27,yes
Bulk Zone 0251,North,1251,71.5,2026-06-28,yes
Bulk Zone 0252,South,1252,72.5,2026-06-01,no
Bulk Zone 0253,North,1253,73.5,2026-06-02,yes
Bulk Zone 0254,South,1254,74.5,2026-06-03,yes
Bulk Zone 0255,North,1255,75.5,2026-06-04,no
Bulk Zone 0256,South,1256,76.5,2026-06-05,yes
Bulk Zone 0257,North,1257,77.5,2026-06-06,yes
Bulk Zone 0258,South,1258,78.5,2026-06-07,no
Bulk Zone 0259,North,1259,79.5,2026-06-08,yes
Bulk Zone 0260,South,1260,80.5,2026-06-09,yes
Bulk Zone 0261,North,1261,81.5,2026-06-10,no
Bulk Zone 0262,South,1262,82.5,2026-06-11,yes
Bulk Zone 0263,North,1263,83.5,2026-06-12,yes
Bulk Zone 0264,South,1264,84.5,2026-06-13,no
Bulk Zone 0265,North,1265,85.5,2026-06-14,yes
Bulk Zone 0266,South,1266,86.5,2026-06-15,yes
Bulk Zone 0267,North,1267,87.5,2026-06-16,no
Bulk Zone 0268,South,1268,88.5,2026-06-17,yes
Bulk Zone 0269,North,1269,89.5,2026-06-18,yes
Bulk Zone 0270,South,1270,0.5,2026-06-19,no
Bulk Zone 0271,North,1271,1.5,2026-06-20,yes
Bulk Zone 0272,South,1272,2.5,2026-06-21,yes
Bulk Zone 0273,North,1273,3.5,2026-06-22,no
Bulk Zone 0274,South,1274,4.5,2026-06-23,yes
Bulk Zone 0275,North,1275,5.5,2026-06-24,yes
Bulk Zone 0276,South,1276,6.5,2026-06-25,no
Bulk Zone 0277,North,1277,7.5,2026-06-26,yes
Bulk Zone 0278,South,1278,8.5,2026-06-27,yes
Bulk Zone 0279,North,1279,9.5,2026-06-28,no
Bulk Zone 0280,South,1280,10.5,2026-06-01,yes
Bulk Zone 0281,North,1281,11.5,2026-06-02,yes
Bulk Zone 0282,South,1282,12.5,2026-06-03,no
Bulk Zone 0283,North,1283,13.5,2026-06-04,yes
Bulk Zone 0284,South,1284,14.5,2026-06-05,yes
Bulk Zone 0285,North,1285,15.5,2026-06-06,no
Bulk Zone 0286,South,1286,16.5,2026-06-07,yes
Bulk Zone 0287,North,1287,17.5,2026-06-08,yes
Bulk Zone 0288,South,1288,18.5,2026-06-09,no
Bulk Zone 0289,North,1289,19.5,2026-06-10,yes
Bulk Zone 0290,South,1290,20.5,2026-06-11,yes
Bulk Zone 0291,North,1291,21.5,2026-06-12,no
Bulk Zone 0292,South,1292,22.5,2026-06-13,yes
Bulk Zone 0293,North,1293,23.5,2026-06-14,yes
Bulk Zone 0294,South,1294,24.5,2026-06-15,no
Bulk Zone 0295,North,1295,25.5,2026-06-16,yes
Bulk Zone 0296,South,1296,26.5,2026-06-17,yes
Bulk Zone 0297,North,1297,27.5,2026-06-18,no
Bulk Zone 0298,South,1298,28.5,2026-06-19,yes
Bulk Zone 0299,North,1299,29.5,2026-06-20,yes
Bulk Zone 0300,South,1300,30.5,2026-06-21,no
Bulk Zone 0301,North,1301,31.5,2026-06-22,yes
Bulk Zone 0302,South,1302,32.5,2026-06-23,yes
Bulk Zone 0303,North,1303,33.5,2026-06-24,no
Bulk Zone 0304,South,1304,34.5,2026-06-25,yes
Bulk Zone 0305,North,1305,35.5,2026-06-26,yes
Bulk Zone 0306,South,1306,36.5,2026-06-27,no
Bulk Zone 0307,North,1307,37.5,2026-06-28,yes
Bulk Zone 0308,South,1308,38.5,2026-06-01,yes
Bulk Zone 0309,North,1309,39.5,2026-06-02,no
Bulk Zone 0310,South,1310,40.5,2026-06-03,yes
Bulk Zone 0311,North,1311,41.5,2026-06-04,yes
Bulk Zone 0312,South,1312,42.5,2026-06-05,no
Bulk Zone 0313,North,1313,43.5,2026-06-06,yes
Bulk Zone 0314,South,1314,44.5,2026-06-07,yes
Bulk Zone 0315,North,1315,45.5,2026-06-08,no
Bulk Zone 0316,South,1316,46.5,2026-06-09,yes
Bulk Zone 0317,North,1317,47.5,2026-06-10,yes
Bulk Zone 0318,South,1318,48.5,2026-06-11,no
Bulk Zone 0319,North,1319,49.5,2026-06-12,yes
Bulk Zone 0320,South,1320,50.5,2026-06-13,yes
Bulk Zone 0321,North,1321,51.5,2026-06-14,no
Bulk Zone 0322,South,1322,52.5,2026-06-15,yes
Bulk Zone 0323,North,1323,53.5,2026-06-16,yes
Bulk Zone 0324,South,1324,54.5,2026-06-17,no
Bulk Zone 0325,North,1325,55.5,2026-06-18,yes
Bulk Zone 0326,South,1326,56.5,2026-06-19,yes
Bulk Zone 0327,North,1327,57.5,2026-06-20,no
Bulk Zone 0328,South,1328,58.5,2026-06-21,yes
Bulk Zone 0329,North,1329,59.5,2026-06-22,yes
Bulk Zone 0330,South,1330,60.5,2026-06-23,no
Bulk Zone 0331,North,1331,61.5,2026-06-24,yes
Bulk Zone 0332,South,1332,62.5,2026-06-25,yes
Bulk Zone 0333,North,1333,63.5,2026-06-26,no
Bulk Zone 0334,South,1334,64.5,2026-06-27,yes
Bulk Zone 0335,North,1335,65.5,2026-06-28,yes
Bulk Zone 0336,South,1336,66.5,2026-06-01,no
Bulk Zone 0337,North,1337,67.5,2026-06-02,yes
Bulk Zone 0338,South,1338,68.5,2026-06-03,yes
Bulk Zone 0339,North,1339,69.5,2026-06-04,no
Bulk Zone 0340,South,1340,70.5,2026-06-05,yes
Bulk Zone 0341,North,1341,71.5,2026-06-06,yes
Bulk Zone 0342,South,1342,72.5,2026-06-07,no
Bulk Zone 0343,North,1343,73.5,2026-06-08,yes
Bulk Zone 0344,South,1344,74.5,2026-06-09,yes
Bulk Zone 0345,North,1345,75.5,2026-06-10,no
Bulk Zone 0346,South,1346,76.5,2026-06-11,yes
Bulk Zone 0347,North,1347,77.5,2026-06-12,yes
Bulk Zone 0348,South,1348,78.5,2026-06-13,no
Bulk Zone 0349,North,1349,79.5,2026-06-14,yes
Bulk Zone 0350,South,1350,80.5,2026-06-15,yes
Bulk Zone 0351,North,1351,81.5,2026-06-16,no
Bulk Zone 0352,South,1352,82.5,2026-06-17,yes
Bulk Zone 0353,North,1353,83.5,2026-06-18,yes
Bulk Zone 0354,South,1354,84.5,2026-06-19,no
Bulk Zone 0355,North,1355,85.5,2026-06-20,yes
Bulk Zone 0356,South,1356,86.5,2026-06-21,yes
Bulk Zone 0357,North,1357,87.5,2026-06-22,no
Bulk Zone 0358,South,1358,88.5,2026-06-23,yes
Bulk Zone 0359,North,1359,89.5,2026-06-24,yes
Bulk Zone 0360,South,1360,0.5,2026-06-25,no
Bulk Zone 0361,North,1361,1.5,2026-06-26,yes
Bulk Zone 0362,South,1362,2.5,2026-06-27,yes
Bulk Zone 0363,North,1363,3.5,2026-06-28,no
Bulk Zone 0364,South,1364,4.5,2026-06-01,yes
Bulk Zone 0365,North,1365,5.5,2026-06-02,yes
Bulk Zone 0366,South,1366,6.5,2026-06-03,no
Bulk Zone 0367,North,1367,7.5,2026-06-04,yes
Bulk Zone 0368,South,1368,8.5,2026-06-05,yes
Bulk Zone 0369,North,1369,9.5,2026-06-06,no
Bulk Zone 0370,South,1370,10.5,2026-06-07,yes
Bulk Zone 0371,North,1371,11.5,2026-06-08,yes
Bulk Zone 0372,South,1372,12.5,2026-06-09,no
Bulk Zone 0373,North,1373,13.5,2026-06-10,yes
Bulk Zone 0374,South,1374,14.5,2026-06-11,yes
Bulk Zone 0375,North,1375,15.5,2026-06-12,no
Bulk Zone 0376,South,1376,16.5,2026-06-13,yes
Bulk Zone 0377,North,1377,17.5,2026-06-14,yes
Bulk Zone 0378,South,1378,18.5,2026-06-15,no
Bulk Zone 0379,North,1379,19.5,2026-06-16,yes
Bulk Zone 0380,South,1380,20.5,2026-06-17,yes
Bulk Zone 0381,North,1381,21.5,2026-06-18,no
Bulk Zone 0382,South,1382,22.5,2026-06-19,yes
Bulk Zone 0383,North,1383,23.5,2026-06-20,yes
Bulk Zone 0384,South,1384,24.5,2026-06-21,no
Bulk Zone 0385,North,1385,25.5,2026-06-22,yes
Bulk Zone 0386,South,1386,26.5,2026-06-23,yes
Bulk Zone 0387,North,1387,27.5,2026-06-24,no
Bulk Zone 0388,South,1388,28.5,2026-06-25,yes
Bulk Zone 0389,North,1389,29.5,2026-06-26,yes
Bulk Zone 0390,South,1390,30.5,2026-06-27,no
Bulk Zone 0391,North,1391,31.5,2026-06-28,yes
Bulk Zone 0392,South,1392,32.5,2026-06-01,yes
Bulk Zone 0393,North,1393,33.5,2026-06-02,no
Bulk Zone 0394,South,1394,34.5,2026-06-03,yes
Bulk Zone 0395,North,1395,35.5,2026-06-04,yes
Bulk Zone 0396,South,1396,36.5,2026-06-05,no
Bulk Zone 0397,North,1397,37.5,2026-06-06,yes
Bulk Zone 0398,South,1398,38.5,2026-06-07,yes
Bulk Zone 0399,North,1399,39.5,2026-06-08,no
Bulk Zone 0400,South,1400,40.5,2026-06-09,yes
Bulk Zone 0401,North,1401,41.5,2026-06-10,yes
Bulk Zone 0402,South,1402,42.5,2026-06-11,no
Bulk Zone 0403,North,1403,43.5,2026-06-12,yes
Bulk Zone 0404,South,1404,44.5,2026-06-13,yes
Bulk Zone 0405,North,1405,45.5,2026-06-14,no
Bulk Zone 0406,South,1406,46.5,2026-06-15,yes
Bulk Zone 0407,North,1407,47.5,2026-06-16,yes
Bulk Zone 0408,South,1408,48.5,2026-06-17,no
Bulk Zone 0409,North,1409,49.5,2026-06-18,yes
Bulk Zone 0410,South,1410,50.5,2026-06-19,yes
Bulk Zone 0411,North,1411,51.5,2026-06-20,no
Bulk Zone 0412,South,1412,52.5,2026-06-21,yes
Bulk Zone 0413,North,1413,53.5,2026-06-22,yes
Bulk Zone 0414,South,1414,54.5,2026-06-23,no
Bulk Zone 0415,North,1415,55.5,2026-06-24,yes
Bulk Zone 0416,South,1416,56.5,2026-06-25,yes
Bulk Zone 0417,North,1417,57.5,2026-06-26,no
Bulk Zone 0418,South,1418,58.5,2026-06-27,yes
Bulk Zone 0419,North,1419,59.5,2026-06-28,yes
Bulk Zone 0420,South,1420,60.5,2026-06-01,no
Bulk Zone 0421,North,1421,61.5,2026-06-02,yes
Bulk Zone 0422,South,1422,62.5,2026-06-03,yes
Bulk Zone 0423,North,1423,63.5,2026-06-04,no
Bulk Zone 0424,South,1424,64.5,2026-06-05,yes
Bulk Zone 0425,North,1425,65.5,2026-06-06,yes
Bulk Zone 0426,South,1426,66.5,2026-06-07,no
Bulk Zone 0427,North,1427,67.5,2026-06-08,yes
Bulk Zone 0428,South,1428,68.5,2026-06-09,yes
Bulk Zone 0429,North,1429,69.5,2026-06-10,no
Bulk Zone 0430,South,1430,70.5,2026-06-11,yes
Bulk Zone 0431,North,1431,71.5,2026-06-12,yes
Bulk Zone 0432,South,1432,72.5,2026-06-13,no
Bulk Zone 0433,North,1433,73.5,2026-06-14,yes
Bulk Zone 0434,South,1434,74.5,2026-06-15,yes
Bulk Zone 0435,North,1435,75.5,2026-06-16,no
Bulk Zone 0436,South,1436,76.5,2026-06-17,yes
Bulk Zone 0437,North,1437,77.5,2026-06-18,yes
Bulk Zone 0438,South,1438,78.5,2026-06-19,no
Bulk Zone 0439,North,1439,79.5,2026-06-20,yes
Bulk Zone 0440,South,1440,80.5,2026-06-21,yes
Bulk Zone 0441,North,1441,81.5,2026-06-22,no
Bulk Zone 0442,South,1442,82.5,2026-06-23,yes
Bulk Zone 0443,North,1443,83.5,2026-06-24,yes
Bulk Zone 0444,South,1444,84.5,2026-06-25,no
Bulk Zone 0445,North,1445,85.5,2026-06-26,yes
Bulk Zone 0446,South,1446,86.5,2026-06-27,yes
Bulk Zone 0447,North,1447,87.5,2026-06-28,no
Bulk Zone 0448,South,1448,88.5,2026-06-01,yes
Bulk Zone 0449,North,1449,89.5,2026-06-02,yes
Bulk Zone 0450,South,1450,0.5,2026-06-03,no
Bulk Zone 0451,North,1451,1.5,2026-06-04,yes
Bulk Zone 0452,South,1452,2.5,2026-06-05,yes
Bulk Zone 0453,North,1453,3.5,2026-06-06,no
Bulk Zone 0454,South,1454,4.5,2026-06-07,yes
Bulk Zone 0455,North,1455,5.5,2026-06-08,yes
Bulk Zone 0456,South,1456,6.5,2026-06-09,no
Bulk Zone 0457,North,1457,7.5,2026-06-10,yes
Bulk Zone 0458,South,1458,8.5,2026-06-11,yes
Bulk Zone 0459,North,1459,9.5,2026-06-12,no
Bulk Zone 0460,South,1460,10.5,2026-06-13,yes
Bulk Zone 0461,North,1461,11.5,2026-06-14,yes
Bulk Zone 0462,South,1462,12.5,2026-06-15,no
Bulk Zone 0463,North,1463,13.5,2026-06-16,yes
Bulk Zone 0464,South,1464,14.5,2026-06-17,yes
Bulk Zone 0465,North,1465,15.5,2026-06-18,no
Bulk Zone 0466,South,1466,16.5,2026-06-19,yes
Bulk Zone 0467,North,1467,17.5,2026-06-20,yes
Bulk Zone 0468,South,1468,18.5,2026-06-21,no
Bulk Zone 0469,North,1469,19.5,2026-06-22,yes
Bulk Zone 0470,South,1470,20.5,2026-06-23,yes
Bulk Zone 0471,North,1471,21.5,2026-06-24,no
Bulk Zone 0472,South,1472,22.5,2026-06-25,yes
Bulk Zone 0473,North,1473,23.5,2026-06-26,yes
Bulk Zone 0474,South,1474,24.5,2026-06-27,no
Bulk Zone 0475,North,1475,25.5,2026-06-28,yes
Bulk Zone 0476,South,1476,26.5,2026-06-01,yes
Bulk Zone 0477,North,1477,27.5,2026-06-02,no
Bulk Zone 0478,South,1478,28.5,2026-06-03,yes
Bulk Zone 0479,North,1479,29.5,2026-06-04,yes
Bulk Zone 0480,South,1480,30.5,2026-06-05,no
Bulk Zone 0481,North,1481,31.5,2026-06-06,yes
Bulk Zone 0482,South,1482,32.5,2026-06-07,yes
Bulk Zone 0483,North,1483,33.5,2026-06-08,no
Bulk Zone 0484,South,1484,34.5,2026-06-09,yes
Bulk Zone 0485,North,1485,35.5,2026-06-10,yes
Bulk Zone 0486,South,1486,36.5,2026-06-11,no
Bulk Zone 0487,North,1487,37.5,2026-06-12,yes
Bulk Zone 0488,South,1488,38.5,2026-06-13,yes
Bulk Zone 0489,North,1489,39.5,2026-06-14,no
Bulk Zone 0490,South,1490,40.5,2026-06-15,yes
Bulk Zone 0491,North,1491,41.5,2026-06-16,yes
Bulk Zone 0492,South,1492,42.5,2026-06-17,no
Bulk Zone 0493,North,1493,43.5,2026-06-18,yes
Bulk Zone 0494,South,1494,44.5,2026-06-19,yes
Bulk Zone 0495,North,1495,45.5,2026-06-20,no
Bulk Zone 0496,South,1496,46.5,2026-06-21,yes
Bulk Zone 0497,North,1497,47.5,2026-06-22,yes
Bulk Zone 0498,South,1498,48.5,2026-06-23,no
Bulk Zone 0499,North,1499,49.5,2026-06-24,yes
Bulk Zone 0500,South,1500,50.5,2026-06-25,yes
Bulk Zone 0501,North,1501,51.5,2026-06-26,no
Bulk Zone 0502,South,1502,52.5,2026-06-27,yes
Bulk Zone 0503,North,1503,53.5,2026-06-28,yes
Bulk Zone 0504,South,1504,54.5,2026-06-01,no
Bulk Zone 0505,North,1505,55.5,2026-06-02,yes
Bulk Zone 0506,South,1506,56.5,2026-06-03,yes
Bulk Zone 0507,North,1507,57.5,2026-06-04,no
Bulk Zone 0508,South,1508,58.5,2026-06-05,yes
Bulk Zone 0509,North,1509,59.5,2026-06-06,yes
Bulk Zone 0510,South,1510,60.5,2026-06-07,no
Bulk Zone 0511,North,1511,61.5,2026-06-08,yes
Bulk Zone 0512,South,1512,62.5,2026-06-09,yes
Bulk Zone 0513,North,1513,63.5,2026-06-10,no
Bulk Zone 0514,South,1514,64.5,2026-06-11,yes
Bulk Zone 0515,North,1515,65.5,2026-06-12,yes
Bulk Zone 0516,South,1516,66.5,2026-06-13,no
Bulk Zone 0517,North,1517,67.5,2026-06-14,yes
Bulk Zone 0518,South,1518,68.5,2026-06-15,yes
Bulk Zone 0519,North,1519,69.5,2026-06-16,no
Bulk Zone 0520,South,1520,70.5,2026-06-17,yes
Bulk Zone 0521,North,1521,71.5,2026-06-18,yes
Bulk Zone 0522,South,1522,72.5,2026-06-19,no
Bulk Zone 0523,North,1523,73.5,2026-06-20,yes
Bulk Zone 0524,South,1524,74.5,2026-06-21,yes
Bulk Zone 0525,North,1525,75.5,2026-06-22,no
Bulk Zone 0526,South,1526,76.5,2026-06-23,yes
Bulk Zone 0527,North,1527,77.5,2026-06-24,yes
Bulk Zone 0528,South,1528,78.5,2026-06-25,no
Bulk Zone 0529,North,1529,79.5,2026-06-26,yes
Bulk Zone 0530,South,1530,80.5,2026-06-27,yes
Bulk Zone 0531,North,1531,81.5,2026-06-28,no
Bulk Zone 0532,South,1532,82.5,2026-06-01,yes
Bulk Zone 0533,North,1533,83.5,2026-06-02,yes
Bulk Zone 0534,South,1534,84.5,2026-06-03,no
Bulk Zone 0535,North,1535,85.5,2026-06-04,yes
Bulk Zone 0536,South,1536,86.5,2026-06-05,yes
Bulk Zone 0537,North,1537,87.5,2026-06-06,no
Bulk Zone 0538,South,1538,88.5,2026-06-07,yes
Bulk Zone 0539,North,1539,89.5,2026-06-08,yes
Bulk Zone 0540,South,1540,0.5,2026-06-09,no
Bulk Zone 0541,North,1541,1.5,2026-06-10,yes
Bulk Zone 0542,South,1542,2.5,2026-06-11,yes
Bulk Zone 0543,North,1543,3.5,2026-06-12,no
Bulk Zone 0544,South,1544,4.5,2026-06-13,yes
Bulk Zone 0545,North,1545,5.5,2026-06-14,yes
Bulk Zone 0546,South,1546,6.5,2026-06-15,no
Bulk Zone 0547,North,1547,7.5,2026-06-16,yes
Bulk Zone 0548,South,1548,8.5,2026-06-17,yes
Bulk Zone 0549,North,1549,9.5,2026-06-18,no
Bulk Zone 0550,South,1550,10.5,2026-06-19,yes
Bulk Zone 0551,North,1551,11.5,2026-06-20,yes
Bulk Zone 0552,South,1552,12.5,2026-06-21,no
Bulk Zone 0553,North,1553,13.5,2026-06-22,yes
Bulk Zone 0554,South,1554,14.5,2026-06-23,yes
Bulk Zone 0555,North,1555,15.5,2026-06-24,no
Bulk Zone 0556,South,1556,16.5,2026-06-25,yes
Bulk Zone 0557,North,1557,17.5,2026-06-26,yes
Bulk Zone 0558,South,1558,18.5,2026-06-27,no
Bulk Zone 0559,North,1559,19.5,2026-06-28,yes
Bulk Zone 0560,South,1560,20.5,2026-06-01,yes
Bulk Zone 0561,North,1561,21.5,2026-06-02,no
Bulk Zone 0562,South,1562,22.5,2026-06-03,yes
Bulk Zone 0563,North,1563,23.5,2026-06-04,yes
Bulk Zone 0564,South,1564,24.5,2026-06-05,no
Bulk Zone 0565,North,1565,25.5,2026-06-06,yes
Bulk Zone 0566,South,1566,26.5,2026-06-07,yes
Bulk Zone 0567,North,1567,27.5,2026-06-08,no
Bulk Zone 0568,South,1568,28.5,2026-06-09,yes
Bulk Zone 0569,North,1569,29.5,2026-06-10,yes
Bulk Zone 0570,South,1570,30.5,2026-06-11,no
Bulk Zone 0571,North,1571,31.5,2026-06-12,yes
Bulk Zone 0572,South,1572,32.5,2026-06-13,yes
Bulk Zone 0573,North,1573,33.5,2026-06-14,no
Bulk Zone 0574,South,1574,34.5,2026-06-15,yes
Bulk Zone 0575,North,1575,35.5,2026-06-16,yes
Bulk Zone 0576,South,1576,36.5,2026-06-17,no
Bulk Zone 0577,North,1577,37.5,2026-06-18,yes
Bulk Zone 0578,South,1578,38.5,2026-06-19,yes
Bulk Zone 0579,North,1579,39.5,2026-06-20,no
Bulk Zone 0580,South,1580,40.5,2026-06-21,yes
Bulk Zone 0581,North,1581,41.5,2026-06-22,yes
Bulk Zone 0582,South,1582,42.5,2026-06-23,no
Bulk Zone 0583,North,1583,43.5,2026-06-24,yes
Bulk Zone 0584,South,1584,44.5,2026-06-25,yes
Bulk Zone 0585,North,1585,45.5,2026-06-26,no
Bulk Zone 0586,South,1586,46.5,2026-06-27,yes
Bulk Zone 0587,North,1587,47.5,2026-06-28,yes
Bulk Zone 0588,South,1588,48.5,2026-06-01,no
Bulk Zone 0589,North,1589,49.5,2026-06-02,yes
Bulk Zone 0590,South,1590,50.5,2026-06-03,yes
Bulk Zone 0591,North,1591,51.5,2026-06-04,no
Bulk Zone 0592,South,1592,52.5,2026-06-05,yes
Bulk Zone 0593,North,1593,53.5,2026-06-06,yes
Bulk Zone 0594,South,1594,54.5,2026-06-07,no
Bulk Zone 0595,North,1595,55.5,2026-06-08,yes
Bulk Zone 0596,South,1596,56.5,2026-06-09,yes
Bulk Zone 0597,North,1597,57.5,2026-06-10,no
Bulk Zone 0598,South,1598,58.5,2026-06-11,yes
Bulk Zone 0599,North,1599,59.5,2026-06-12,yes
Bulk Zone 0600,South,1600,60.5,2026-06-13,no
Bulk Zone 0601,North,1601,61.5,2026-06-14,yes
Bulk Zone 0602,South,1602,62.5,2026-06-15,yes
Bulk Zone 0603,North,1603,63.5,2026-06-16,no
Bulk Zone 0604,South,1604,64.5,2026-06-17,yes
Bulk Zone 0605,North,1605,65.5,2026-06-18,yes
Bulk Zone 0606,South,1606,66.5,2026-06-19,no
Bulk Zone 0607,North,1607,67.5,2026-06-20,yes
Bulk Zone 0608,South,1608,68.5,2026-06-21,yes
Bulk Zone 0609,North,1609,69.5,2026-06-22,no
Bulk Zone 0610,South,1610,70.5,2026-06-23,yes
Bulk Zone 0611,North,1611,71.5,2026-06-24,yes
Bulk Zone 0612,South,1612,72.5,2026-06-25,no
Bulk Zone 0613,North,1613,73.5,2026-06-26,yes
Bulk Zone 0614,South,1614,74.5,2026-06-27,yes
Bulk Zone 0615,North,1615,75.5,2026-06-28,no
Bulk Zone 0616,South,1616,76.5,2026-06-01,yes
Bulk Zone 0617,North,1617,77.5,2026-06-02,yes
Bulk Zone 0618,South,1618,78.5,2026-06-03,no
Bulk Zone 0619,North,1619,79.5,2026-06-04,yes
Bulk Zone 0620,South,1620,80.5,2026-06-05,yes
Bulk Zone 0621,North,1621,81.5,2026-06-06,no
Bulk Zone 0622,South,1622,82.5,2026-06-07,yes
Bulk Zone 0623,North,1623,83.5,2026-06-08,yes
Bulk Zone 0624,South,1624,84.5,2026-06-09,no
Bulk Zone 0625,North,1625,85.5,2026-06-10,yes
Bulk Zone 0626,South,1626,86.5,2026-06-11,yes
Bulk Zone 0627,North,1627,87.5,2026-06-12,no
Bulk Zone 0628,South,1628,88.5,2026-06-13,yes
Bulk Zone 0629,North,1629,89.5,2026-06-14,yes
Bulk Zone 0630,South,1630,0.5,2026-06-15,no
Bulk Zone 0631,North,1631,1.5,2026-06-16,yes
Bulk Zone 0632,South,1632,2.5,2026-06-17,yes
Bulk Zone 0633,North,1633,3.5,2026-06-18,no
Bulk Zone 0634,South,1634,4.5,2026-06-19,yes
Bulk Zone 0635,North,1635,5.5,2026-06-20,yes
Bulk Zone 0636,South,1636,6.5,2026-06-21,no
Bulk Zone 0637,North,1637,7.5,2026-06-22,yes
Bulk Zone 0638,South,1638,8.5,2026-06-23,yes
Bulk Zone 0639,North,1639,9.5,2026-06-24,no
Bulk Zone 0640,South,1640,10.5,2026-06-25,yes
Bulk Zone 0641,North,1641,11.5,2026-06-26,yes
Bulk Zone 0642,South,1642,12.5,2026-06-27,no
Bulk Zone 0643,North,1643,13.5,2026-06-28,yes
Bulk Zone 0644,South,1644,14.5,2026-06-01,yes
Bulk Zone 0645,North,1645,15.5,2026-06-02,no
Bulk Zone 0646,South,1646,16.5,2026-06-03,yes
Bulk Zone 0647,North,1647,17.5,2026-06-04,yes
Bulk Zone 0648,South,1648,18.5,2026-06-05,no
Bulk Zone 0649,North,1649,19.5,2026-06-06,yes
Bulk Zone 0650,South,1650,20.5,2026-06-07,yes
Bulk Zone 0651,North,1651,21.5,2026-06-08,no
Bulk Zone 0652,South,1652,22.5,2026-06-09,yes
Bulk Zone 0653,North,1653,23.5,2026-06-10,yes
Bulk Zone 0654,South,1654,24.5,2026-06-11,no
Bulk Zone 0655,North,1655,25.5,2026-06-12,yes
Bulk Zone 0656,South,1656,26.5,2026-06-13,yes
Bulk Zone 0657,North,1657,27.5,2026-06-14,no
Bulk Zone 0658,South,1658,28.5,2026-06-15,yes
Bulk Zone 0659,North,1659,29.5,2026-06-16,yes
Bulk Zone 0660,South,1660,30.5,2026-06-17,no
Bulk Zone 0661,North,1661,31.5,2026-06-18,yes
Bulk Zone 0662,South,1662,32.5,2026-06-19,yes
Bulk Zone 0663,North,1663,33.5,2026-06-20,no
Bulk Zone 0664,South,1664,34.5,2026-06-21,yes
Bulk Zone 0665,North,1665,35.5,2026-06-22,yes
Bulk Zone 0666,South,1666,36.5,2026-06-23,no
Bulk Zone 0667,North,1667,37.5,2026-06-24,yes
Bulk Zone 0668,South,1668,38.5,2026-06-25,yes
Bulk Zone 0669,North,1669,39.5,2026-06-26,no
Bulk Zone 0670,South,1670,40.5,2026-06-27,yes
Bulk Zone 0671,North,1671,41.5,2026-06-28,yes
Bulk Zone 0672,South,1672,42.5,2026-06-01,no
Bulk Zone 0673,North,1673,43.5,2026-06-02,yes
Bulk Zone 0674,South,1674,44.5,2026-06-03,yes
Bulk Zone 0675,North,1675,45.5,2026-06-04,no
Bulk Zone 0676,South,1676,46.5,2026-06-05,yes
Bulk Zone 0677,North,1677,47.5,2026-06-06,yes
Bulk Zone 0678,South,1678,48.5,2026-06-07,no
Bulk Zone 0679,North,1679,49.5,2026-06-08,yes
Bulk Zone 0680,South,1680,50.5,2026-06-09,yes
Bulk Zone 0681,North,1681,51.5,2026-06-10,no
Bulk Zone 0682,South,1682,52.5,2026-06-11,yes
Bulk Zone 0683,North,1683,53.5,2026-06-12,yes
Bulk Zone 0684,South,1684,54.5,2026-06-13,no
Bulk Zone 0685,North,1685,55.5,2026-06-14,yes
Bulk Zone 0686,South,1686,56.5,2026-06-15,yes
Bulk Zone 0687,North,1687,57.5,2026-06-16,no
Bulk Zone 0688,South,1688,58.5,2026-06-17,yes
Bulk Zone 0689,North,1689,59.5,2026-06-18,yes
Bulk Zone 0690,South,1690,60.5,2026-06-19,no
Bulk Zone 0691,North,1691,61.5,2026-06-20,yes
Bulk Zone 0692,South,1692,62.5,2026-06-21,yes
Bulk Zone 0693,North,1693,63.5,2026-06-22,no
Bulk Zone 0694,South,1694,64.5,2026-06-23,yes
Bulk Zone 0695,North,1695,65.5,2026-06-24,yes
Bulk Zone 0696,South,1696,66.5,2026-06-25,no
Bulk Zone 0697,North,1697,67.5,2026-06-26,yes
Bulk Zone 0698,South,1698,68.5,2026-06-27,yes
Bulk Zone 0699,North,1699,69.5,2026-06-28,no
Bulk Zone 0700,South,1700,70.5,2026-06-01,yes
Bulk Zone 0701,North,1701,71.5,2026-06-02,yes
Bulk Zone 0702,South,1702,72.5,2026-06-03,no
Bulk Zone 0703,North,1703,73.5,2026-06-04,yes
Bulk Zone 0704,South,1704,74.5,2026-06-05,yes
Bulk Zone 0705,North,1705,75.5,2026-06-06,no
Bulk Zone 0706,South,1706,76.5,2026-06-07,yes
Bulk Zone 0707,North,1707,77.5,2026-06-08,yes
Bulk Zone 0708,South,1708,78.5,2026-06-09,no
Bulk Zone 0709,North,1709,79.5,2026-06-10,yes
Bulk Zone 0710,South,1710,80.5,2026-06-11,yes
Bulk Zone 0711,North,1711,81.5,2026-06-12,no
Bulk Zone 0712,South,1712,82.5,2026-06-13,yes
Bulk Zone 0713,North,1713,83.5,2026-06-14,yes
Bulk Zone 0714,South,1714,84.5,2026-06-15,no
Bulk Zone 0715,North,1715,85.5,2026-06-16,yes
Bulk Zone 0716,South,1716,86.5,2026-06-17,yes
Bulk Zone 0717,North,1717,87.5,2026-06-18,no
Bulk Zone 0718,South,1718,88.5,2026-06-19,yes
Bulk Zone 0719,North,1719,89.5,2026-06-20,yes
Bulk Zone 0720,South,1720,0.5,2026-06-21,no
Bulk Zone 0721,North,1721,1.5,2026-06-22,yes
Bulk Zone 0722,South,1722,2.5,2026-06-23,yes
Bulk Zone 0723,North,1723,3.5,2026-06-24,no
Bulk Zone 0724,South,1724,4.5,2026-06-25,yes
Bulk Zone 0725,North,1725,5.5,2026-06-26,yes
Bulk Zone 0726,South,1726,6.5,2026-06-27,no
Bulk Zone 0727,North,1727,7.5,2026-06-28,yes
Bulk Zone 0728,South,1728,8.5,2026-06-01,yes
Bulk Zone 0729,North,1729,9.5,2026-06-02,no
Bulk Zone 0730,South,1730,10.5,2026-06-03,yes
Bulk Zone 0731,North,1731,11.5,2026-06-04,yes
Bulk Zone 0732,South,1732,12.5,2026-06-05,no
Bulk Zone 0733,North,1733,13.5,2026-06-06,yes
Bulk Zone 0734,South,1734,14.5,2026-06-07,yes
Bulk Zone 0735,North,1735,15.5,2026-06-08,no
Bulk Zone 0736,South,1736,16.5,2026-06-09,yes
Bulk Zone 0737,North,1737,17.5,2026-06-10,yes
Bulk Zone 0738,South,1738,18.5,2026-06-11,no
Bulk Zone 0739,North,1739,19.5,2026-06-12,yes
Bulk Zone 0740,South,1740,20.5,2026-06-13,yes
Bulk Zone 0741,North,1741,21.5,2026-06-14,no
Bulk Zone 0742,South,1742,22.5,2026-06-15,yes
Bulk Zone 0743,North,1743,23.5,2026-06-16,yes
Bulk Zone 0744,South,1744,24.5,2026-06-17,no
Bulk Zone 0745,North,1745,25.5,2026-06-18,yes
Bulk Zone 0746,South,1746,26.5,2026-06-19,yes
Bulk Zone 0747,North,1747,27.5,2026-06-20,no
Bulk Zone 0748,South,1748,28.5,2026-06-21,yes
Bulk Zone 0749,North,1749,29.5,2026-06-22,yes
Bulk Zone 0750,South,1750,30.5,2026-06-23,no
Bulk Zone 0751,North,1751,31.5,2026-06-24,yes
Bulk Zone 0752,South,1752,32.5,2026-06-25,yes
Bulk Zone 0753,North,1753,33.5,2026-06-26,no
Bulk Zone 0754,South,1754,34.5,2026-06-27,yes
Bulk Zone 0755,North,1755,35.5,2026-06-28,yes
Bulk Zone 0756,South,1756,36.5,2026-06-01,no
Bulk Zone 0757,North,1757,37.5,2026-06-02,yes
Bulk Zone 0758,South,1758,38.5,2026-06-03,yes
Bulk Zone 0759,North,1759,39.5,2026-06-04,no
Bulk Zone 0760,South,1760,40.5,2026-06-05,yes
Bulk Zone 0761,North,1761,41.5,2026-06-06,yes
Bulk Zone 0762,South,1762,42.5,2026-06-07,no
Bulk Zone 0763,North,1763,43.5,2026-06-08,yes
Bulk Zone 0764,South,1764,44.5,2026-06-09,yes
Bulk Zone 0765,North,1765,45.5,2026-06-10,no
Bulk Zone 0766,South,1766,46.5,2026-06-11,yes
Bulk Zone 0767,North,1767,47.5,2026-06-12,yes
Bulk Zone 0768,South,1768,48.5,2026-06-13,no
Bulk Zone 0769,North,1769,49.5,2026-06-14,yes
Bulk Zone 0770,South,1770,50.5,2026-06-15,yes
Bulk Zone 0771,North,1771,51.5,2026-06-16,no
Bulk Zone 0772,South,1772,52.5,2026-06-17,yes
Bulk Zone 0773,North,1773,53.5,2026-06-18,yes
Bulk Zone 0774,South,1774,54.5,2026-06-19,no
Bulk Zone 0775,North,1775,55.5,2026-06-20,yes
Bulk Zone 0776,South,1776,56.5,2026-06-21,yes
Bulk Zone 0777,North,1777,57.5,2026-06-22,no
Bulk Zone 0778,South,1778,58.5,2026-06-23,yes
Bulk Zone 0779,North,1779,59.5,2026-06-24,yes
Bulk Zone 0780,South,1780,60.5,2026-06-25,no
Bulk Zone 0781,North,1781,61.5,2026-06-26,yes
Bulk Zone 0782,South,1782,62.5,2026-06-27,yes
Bulk Zone 0783,North,1783,63.5,2026-06-28,no
Bulk Zone 0784,South,1784,64.5,2026-06-01,yes
Bulk Zone 0785,North,1785,65.5,2026-06-02,yes
Bulk Zone 0786,South,1786,66.5,2026-06-03,no
Bulk Zone 0787,North,1787,67.5,2026-06-04,yes
Bulk Zone 0788,South,1788,68.5,2026-06-05,yes
Bulk Zone 0789,North,1789,69.5,2026-06-06,no
Bulk Zone 0790,South,1790,70.5,2026-06-07,yes
Bulk Zone 0791,North,1791,71.5,2026-06-08,yes
Bulk Zone 0792,South,1792,72.5,2026-06-09,no
Bulk Zone 0793,North,1793,73.5,2026-06-10,yes
Bulk Zone 0794,South,1794,74.5,2026-06-11,yes
Bulk Zone 0795,North,1795,75.5,2026-06-12,no
Bulk Zone 0796,South,1796,76.5,2026-06-13,yes
Bulk Zone 0797,North,1797,77.5,2026-06-14,yes
Bulk Zone 0798,South,1798,78.5,2026-06-15,no
Bulk Zone 0799,North,1799,79.5,2026-06-16,yes
Bulk Zone 0800,South,1800,80.5,2026-06-17,yes
Bulk Zone 0801,North,1801,81.5,2026-06-18,no
Bulk Zone 0802,South,1802,82.5,2026-06-19,yes
Bulk Zone 0803,North,1803,83.5,2026-06-20,yes
Bulk Zone 0804,South,1804,84.5,2026-06-21,no
Bulk Zone 0805,North,1805,85.5,2026-06-22,yes
Bulk Zone 0806,South,1806,86.5,2026-06-23,yes
Bulk Zone 0807,North,1807,87.5,2026-06-24,no
Bulk Zone 0808,South,1808,88.5,2026-06-25,yes
Bulk Zone 0809,North,1809,89.5,2026-06-26,yes
Bulk Zone 0810,South,1810,0.5,2026-06-27,no
Bulk Zone 0811,North,1811,1.5,2026-06-28,yes
Bulk Zone 0812,South,1812,2.5,2026-06-01,yes
Bulk Zone 0813,North,1813,3.5,2026-06-02,no
Bulk Zone 0814,South,1814,4.5,2026-06-03,yes
Bulk Zone 0815,North,1815,5.5,2026-06-04,yes
Bulk Zone 0816,South,1816,6.5,2026-06-05,no
Bulk Zone 0817,North,1817,7.5,2026-06-06,yes
Bulk Zone 0818,South,1818,8.5,2026-06-07,yes
Bulk Zone 0819,North,1819,9.5,2026-06-08,no
Bulk Zone 0820,South,1820,10.5,2026-06-09,yes
Bulk Zone 0821,North,1821,11.5,2026-06-10,yes
Bulk Zone 0822,South,1822,12.5,2026-06-11,no
Bulk Zone 0823,North,1823,13.5,2026-06-12,yes
Bulk Zone 0824,South,1824,14.5,2026-06-13,yes
Bulk Zone 0825,North,1825,15.5,2026-06-14,no
Bulk Zone 0826,South,1826,16.5,2026-06-15,yes
Bulk Zone 0827,North,1827,17.5,2026-06-16,yes
Bulk Zone 0828,South,1828,18.5,2026-06-17,no
Bulk Zone 0829,North,1829,19.5,2026-06-18,yes
Bulk Zone 0830,South,1830,20.5,2026-06-19,yes
Bulk Zone 0831,North,1831,21.5,2026-06-20,no
Bulk Zone 0832,South,1832,22.5,2026-06-21,yes
Bulk Zone 0833,North,1833,23.5,2026-06-22,yes
Bulk Zone 0834,South,1834,24.5,2026-06-23,no
Bulk Zone 0835,North,1835,25.5,2026-06-24,yes
Bulk Zone 0836,South,1836,26.5,2026-06-25,yes
Bulk Zone 0837,North,1837,27.5,2026-06-26,no
Bulk Zone 0838,South,1838,28.5,2026-06-27,yes
Bulk Zone 0839,North,1839,29.5,2026-06-28,yes
Bulk Zone 0840,South,1840,30.5,2026-06-01,no
Bulk Zone 0841,North,1841,31.5,2026-06-02,yes
Bulk Zone 0842,South,1842,32.5,2026-06-03,yes
Bulk Zone 0843,North,1843,33.5,2026-06-04,no
Bulk Zone 0844,South,1844,34.5,2026-06-05,yes
Bulk Zone 0845,North,1845,35.5,2026-06-06,yes
Bulk Zone 0846,South,1846,36.5,2026-06-07,no
Bulk Zone 0847,North,1847,37.5,2026-06-08,yes
Bulk Zone 0848,South,1848,38.5,2026-06-09,yes
Bulk Zone 0849,North,1849,39.5,2026-06-10,no
Bulk Zone 0850,South,1850,40.5,2026-06-11,yes
Bulk Zone 0851,North,1851,41.5,2026-06-12,yes
Bulk Zone 0852,South,1852,42.5,2026-06-13,no
Bulk Zone 0853,North,1853,43.5,2026-06-14,yes
Bulk Zone 0854,South,1854,44.5,2026-06-15,yes
Bulk Zone 0855,North,1855,45.5,2026-06-16,no
Bulk Zone 0856,South,1856,46.5,2026-06-17,yes
Bulk Zone 0857,North,1857,47.5,2026-06-18,yes
Bulk Zone 0858,South,1858,48.5,2026-06-19,no
Bulk Zone 0859,North,1859,49.5,2026-06-20,yes
Bulk Zone 0860,South,1860,50.5,2026-06-21,yes
Bulk Zone 0861,North,1861,51.5,2026-06-22,no
Bulk Zone 0862,South,1862,52.5,2026-06-23,yes
Bulk Zone 0863,North,1863,53.5,2026-06-24,yes
Bulk Zone 0864,South,1864,54.5,2026-06-25,no
Bulk Zone 0865,North,1865,55.5,2026-06-26,yes
Bulk Zone 0866,South,1866,56.5,2026-06-27,yes
Bulk Zone 0867,North,1867,57.5,2026-06-28,no
Bulk Zone 0868,South,1868,58.5,2026-06-01,yes
Bulk Zone 0869,North,1869,59.5,2026-06-02,yes
Bulk Zone 0870,South,1870,60.5,2026-06-03,no
Bulk Zone 0871,North,1871,61.5,2026-06-04,yes
Bulk Zone 0872,South,1872,62.5,2026-06-05,yes
Bulk Zone 0873,North,1873,63.5,2026-06-06,no
Bulk Zone 0874,South,1874,64.5,2026-06-07,yes
Bulk Zone 0875,North,1875,65.5,2026-06-08,yes
Bulk Zone 0876,South,1876,66.5,2026-06-09,no
Bulk Zone 0877,North,1877,67.5,2026-06-10,yes
Bulk Zone 0878,South,1878,68.5,2026-06-11,yes
Bulk Zone 0879,North,1879,69.5,2026-06-12,no
Bulk Zone 0880,South,1880,70.5,2026-06-13,yes
Bulk Zone 0881,North,1881,71.5,2026-06-14,yes
Bulk Zone 0882,South,1882,72.5,2026-06-15,no
Bulk Zone 0883,North,1883,73.5,2026-06-16,yes
Bulk Zone 0884,South,1884,74.5,2026-06-17,yes
Bulk Zone 0885,North,1885,75.5,2026-06-18,no
Bulk Zone 0886,South,1886,76.5,2026-06-19,yes
Bulk Zone 0887,North,1887,77.5,2026-06-20,yes
Bulk Zone 0888,South,1888,78.5,2026-06-21,no
Bulk Zone 0889,North,1889,79.5,2026-06-22,yes
Bulk Zone 0890,South,1890,80.5,2026-06-23,yes
Bulk Zone 0891,North,1891,81.5,2026-06-24,no
Bulk Zone 0892,South,1892,82.5,2026-06-25,yes
Bulk Zone 0893,North,1893,83.5,2026-06-26,yes
Bulk Zone 0894,South,1894,84.5,2026-06-27,no
Bulk Zone 0895,North,1895,85.5,2026-06-28,yes
Bulk Zone 0896,South,1896,86.5,2026-06-01,yes
Bulk Zone 0897,North,1897,87.5,2026-06-02,no
Bulk Zone 0898,South,1898,88.5,2026-06-03,yes
Bulk Zone 0899,North,1899,89.5,2026-06-04,yes
Bulk Zone 0900,South,1900,0.5,2026-06-05,no
Bulk Zone 0901,North,1901,1.5,2026-06-06,yes
Bulk Zone 0902,South,1902,2.5,2026-06-07,yes
Bulk Zone 0903,North,1903,3.5,2026-06-08,no
Bulk Zone 0904,South,1904,4.5,2026-06-09,yes
Bulk Zone 0905,North,1905,5.5,2026-06-10,yes
Bulk Zone 0906,South,1906,6.5,2026-06-11,no
Bulk Zone 0907,North,1907,7.5,2026-06-12,yes
Bulk Zone 0908,South,1908,8.5,2026-06-13,yes
Bulk Zone 0909,North,1909,9.5,2026-06-14,no
Bulk Zone 0910,South,1910,10.5,2026-06-15,yes
Bulk Zone 0911,North,1911,11.5,2026-06-16,yes
Bulk Zone 0912,South,1912,12.5,2026-06-17,no
Bulk Zone 0913,North,1913,13.5,2026-06-18,yes
Bulk Zone 0914,South,1914,14.5,2026-06-19,yes
Bulk Zone 0915,North,1915,15.5,2026-06-20,no
Bulk Zone 0916,South,1916,16.5,2026-06-21,yes
Bulk Zone 0917,North,1917,17.5,2026-06-22,yes
Bulk Zone 0918,South,1918,18.5,2026-06-23,no
Bulk Zone 0919,North,1919,19.5,2026-06-24,yes
Bulk Zone 0920,South,1920,20.5,2026-06-25,yes
Bulk Zone 0921,North,1921,21.5,2026-06-26,no
Bulk Zone 0922,South,1922,22.5,2026-06-27,yes
Bulk Zone 0923,North,1923,23.5,2026-06-28,yes
Bulk Zone 0924,South,1924,24.5,2026-06-01,no
Bulk Zone 0925,North,1925,25.5,2026-06-02,yes
Bulk Zone 0926,South,1926,26.5,2026-06-03,yes
Bulk Zone 0927,North,1927,27.5,2026-06-04,no
Bulk Zone 0928,South,1928,28.5,2026-06-05,yes
Bulk Zone 0929,North,1929,29.5,2026-06-06,yes
Bulk Zone 0930,South,1930,30.5,2026-06-07,no
Bulk Zone 0931,North,1931,31.5,2026-06-08,yes
Bulk Zone 0932,South,1932,32.5,2026-06-09,yes
Bulk Zone 0933,North,1933,33.5,2026-06-10,no
Bulk Zone 0934,South,1934,34.5,2026-06-11,yes
Bulk Zone 0935,North,1935,35.5,2026-06-12,yes
Bulk Zone 0936,South,1936,36.5,2026-06-13,no
Bulk Zone 0937,North,1937,37.5,2026-06-14,yes
Bulk Zone 0938,South,1938,38.5,2026-06-15,yes
Bulk Zone 0939,North,1939,39.5,2026-06-16,no
Bulk Zone 0940,South,1940,40.5,2026-06-17,yes
Bulk Zone 0941,North,1941,41.5,2026-06-18,yes
Bulk Zone 0942,South,1942,42.5,2026-06-19,no
Bulk Zone 0943,North,1943,43.5,2026-06-20,yes
Bulk Zone 0944,South,1944,44.5,2026-06-21,yes
Bulk Zone 0945,North,1945,45.5,2026-06-22,no
Bulk Zone 0946,South,1946,46.5,2026-06-23,yes
Bulk Zone 0947,North,1947,47.5,2026-06-24,yes
Bulk Zone 0948,South,1948,48.5,2026-06-25,no
Bulk Zone 0949,North,1949,49.5,2026-06-26,yes
Bulk Zone 0950,South,1950,50.5,2026-06-27,yes
Bulk Zone 0951,North,1951,51.5,2026-06-28,no
Bulk Zone 0952,South,1952,52.5,2026-06-01,yes
Bulk Zone 0953,North,1953,53.5,2026-06-02,yes
Bulk Zone 0954,South,1954,54.5,2026-06-03,no
Bulk Zone 0955,North,1955,55.5,2026-06-04,yes
Bulk Zone 0956,South,1956,56.5,2026-06-05,yes
Bulk Zone 0957,North,1957,57.5,2026-06-06,no
Bulk Zone 0958,South,1958,58.5,2026-06-07,yes
Bulk Zone 0959,North,1959,59.5,2026-06-08,yes
Bulk Zone 0960,South,1960,60.5,2026-06-09,no
Bulk Zone 0961,North,1961,61.5,2026-06-10,yes
Bulk Zone 0962,South,1962,62.5,2026-06-11,yes
Bulk Zone 0963,North,1963,63.5,2026-06-12,no
Bulk Zone 0964,South,1964,64.5,2026-06-13,yes
Bulk Zone 0965,North,1965,65.5,2026-06-14,yes
Bulk Zone 0966,South,1966,66.5,2026-06-15,no
Bulk Zone 0967,North,1967,67.5,2026-06-16,yes
Bulk Zone 0968,South,1968,68.5,2026-06-17,yes
Bulk Zone 0969,North,1969,69.5,2026-06-18,no
Bulk Zone 0970,South,1970,70.5,2026-06-19,yes
Bulk Zone 0971,North,1971,71.5,2026-06-20,yes
Bulk Zone 0972,South,1972,72.5,2026-06-21,no
Bulk Zone 0973,North,1973,73.5,2026-06-22,yes
Bulk Zone 0974,South,1974,74.5,2026-06-23,yes
Bulk Zone 0975,North,1975,75.5,2026-06-24,no
Bulk Zone 0976,South,1976,76.5,2026-06-25,yes
Bulk Zone 0977,North,1977,77.5,2026-06-26,yes
Bulk Zone 0978,South,1978,78.5,2026-06-27,no
Bulk Zone 0979,North,1979,79.5,2026-06-28,yes
Bulk Zone 0980,South,1980,80.5,2026-06-01,yes
Bulk Zone 0981,North,1981,81.5,2026-06-02,no
Bulk Zone 0982,South,1982,82.5,2026-06-03,yes
Bulk Zone 0983,North,1983,83.5,2026-06-04,yes
Bulk Zone 0984,South,1984,84.5,2026-06-05,no
Bulk Zone 0985,North,1985,85.5,2026-06-06,yes
Bulk Zone 0986,South,1986,86.5,2026-06-07,yes
Bulk Zone 0987,North,1987,87.5,2026-06-08,no
Bulk Zone 0988,South,1988,88.5,2026-06-09,yes
Bulk Zone 0989,North,1989,89.5,2026-06-10,yes
Bulk Zone 0990,South,1990,0.5,2026-06-11,no
Bulk Zone 0991,North,1991,1.5,2026-06-12,yes
Bulk Zone 0992,South,1992,2.5,2026-06-13,yes
Bulk Zone 0993,North,1993,3.5,2026-06-14,no
Bulk Zone 0994,South,1994,4.5,2026-06-15,yes
Bulk Zone 0995,North,1995,5.5,2026-06-16,yes
Bulk Zone 0996,South,1996,6.5,2026-06-17,no
Bulk Zone 0997,North,1997,7.5,2026-06-18,yes
Bulk Zone 0998,South,1998,8.5,2026-06-19,yes
Bulk Zone 0999,North,1999,9.5,2026-06-20,no
Bulk Zone 1000,South,2000,10.5,2026-06-21,yes
Bulk Zone 1001,North,2001,11.5,2026-06-22,yes
Bulk Zone 1002,South,2002,12.5,2026-06-23,no
Bulk Zone 1003,North,2003,13.5,2026-06-24,yes
Bulk Zone 1004,South,2004,14.5,2026-06-25,yes
Bulk Zone 1005,North,2005,15.5,2026-06-26,no
Bulk Zone 1006,South,2006,16.5,2026-06-27,yes
Bulk Zone 1007,North,2007,17.5,2026-06-28,yes
Bulk Zone 1008,South,2008,18.5,2026-06-01,no
Bulk Zone 1009,North,2009,19.5,2026-06-02,yes
Bulk Zone 1010,South,2010,20.5,2026-06-03,yes
Bulk Zone 1011,North,2011,21.5,2026-06-04,no
Bulk Zone 1012,South,2012,22.5,2026-06-05,yes
Bulk Zone 1013,North,2013,23.5,2026-06-06,yes
Bulk Zone 1014,South,2014,24.5,2026-06-07,no
Bulk Zone 1015,North,2015,25.5,2026-06-08,yes
Bulk Zone 1016,South,2016,26.5,2026-06-09,yes
Bulk Zone 1017,North,2017,27.5,2026-06-10,no
Bulk Zone 1018,South,2018,28.5,2026-06-11,yes
Bulk Zone 1019,North,2019,29.5,2026-06-12,yes
Bulk Zone 1020,South,2020,30.5,2026-06-13,no
Bulk Zone 1021,North,2021,31.5,2026-06-14,yes
Bulk Zone 1022,South,2022,32.5,2026-06-15,yes
Bulk Zone 1023,North,2023,33.5,2026-06-16,no
Bulk Zone 1024,South,2024,34.5,2026-06-17,yes
Bulk Zone 1025,North,2025,35.5,2026-06-18,yes
Bulk Zone 1026,South,2026,36.5,2026-06-19,no
Bulk Zone 1027,North,2027,37.5,2026-06-20,yes
Bulk Zone 1028,South,2028,38.5,2026-06-21,yes
Bulk Zone 1029,North,2029,39.5,2026-06-22,no
Bulk Zone 1030,South,2030,40.5,2026-06-23,yes
Bulk Zone 1031,North,2031,41.5,2026-06-24,yes
Bulk Zone 1032,South,2032,42.5,2026-06-25,no
Bulk Zone 1033,North,2033,43.5,2026-06-26,yes
Bulk Zone 1034,South,2034,44.5,2026-06-27,yes
Bulk Zone 1035,North,2035,45.5,2026-06-28,no
Bulk Zone 1036,South,2036,46.5,2026-06-01,yes
Bulk Zone 1037,North,2037,47.5,2026-06-02,yes
Bulk Zone 1038,South,2038,48.5,2026-06-03,no
Bulk Zone 1039,North,2039,49.5,2026-06-04,yes
Bulk Zone 1040,South,2040,50.5,2026-06-05,yes
Bulk Zone 1041,North,2041,51.5,2026-06-06,no
Bulk Zone 1042,South,2042,52.5,2026-06-07,yes
Bulk Zone 1043,North,2043,53.5,2026-06-08,yes
Bulk Zone 1044,South,2044,54.5,2026-06-09,no
Bulk Zone 1045,North,2045,55.5,2026-06-10,yes
Bulk Zone 1046,South,2046,56.5,2026-06-11,yes
Bulk Zone 1047,North,2047,57.5,2026-06-12,no
Bulk Zone 1048,South,2048,58.5,2026-06-13,yes
Bulk Zone 1049,North,2049,59.5,2026-06-14,yes
Bulk Zone 1050,South,2050,60.5,2026-06-15,no
Bulk Zone 1051,North,2051,61.5,2026-06-16,yes
Bulk Zone 1052,South,2052,62.5,2026-06-17,yes
Bulk Zone 1053,North,2053,63.5,2026-06-18,no
Bulk Zone 1054,South,2054,64.5,2026-06-19,yes
Bulk Zone 1055,North,2055,65.5,2026-06-20,yes
Bulk Zone 1056,South,2056,66.5,2026-06-21,no
Bulk Zone 1057,North,2057,67.5,2026-06-22,yes
Bulk Zone 1058,South,2058,68.5,2026-06-23,yes
Bulk Zone 1059,North,2059,69.5,2026-06-24,no
Bulk Zone 1060,South,2060,70.5,2026-06-25,yes
Bulk Zone 1061,North,2061,71.5,2026-06-26,yes
Bulk Zone 1062,South,2062,72.5,2026-06-27,no
Bulk Zone 1063,North,2063,73.5,2026-06-28,yes
Bulk Zone 1064,South,2064,74.5,2026-06-01,yes
Bulk Zone 1065,North,2065,75.5,2026-06-02,no
Bulk Zone 1066,South,2066,76.5,2026-06-03,yes
Bulk Zone 1067,North,2067,77.5,2026-06-04,yes
Bulk Zone 1068,South,2068,78.5,2026-06-05,no
Bulk Zone 1069,North,2069,79.5,2026-06-06,yes
Bulk Zone 1070,South,2070,80.5,2026-06-07,yes
Bulk Zone 1071,North,2071,81.5,2026-06-08,no
Bulk Zone 1072,South,2072,82.5,2026-06-09,yes
Bulk Zone 1073,North,2073,83.5,2026-06-10,yes
Bulk Zone 1074,South,2074,84.5,2026-06-11,no
Bulk Zone 1075,North,2075,85.5,2026-06-12,yes
Bulk Zone 1076,South,2076,86.5,2026-06-13,yes
Bulk Zone 1077,North,2077,87.5,2026-06-14,no
Bulk Zone 1078,South,2078,88.5,2026-06-15,yes
Bulk Zone 1079,North,2079,89.5,2026-06-16,yes
Bulk Zone 1080,South,2080,0.5,2026-06-17,no
Bulk Zone 1081,North,2081,1.5,2026-06-18,yes
Bulk Zone 1082,South,2082,2.5,2026-06-19,yes
Bulk Zone 1083,North,2083,3.5,2026-06-20,no
Bulk Zone 1084,South,2084,4.5,2026-06-21,yes
Bulk Zone 1085,North,2085,5.5,2026-06-22,yes
Bulk Zone 1086,South,2086,6.5,2026-06-23,no
Bulk Zone 1087,North,2087,7.5,2026-06-24,yes
Bulk Zone 1088,South,2088,8.5,2026-06-25,yes
Bulk Zone 1089,North,2089,9.5,2026-06-26,no
Bulk Zone 1090,South,2090,10.5,2026-06-27,yes
Bulk Zone 1091,North,2091,11.5,2026-06-28,yes
Bulk Zone 1092,South,2092,12.5,2026-06-01,no
Bulk Zone 1093,North,2093,13.5,2026-06-02,yes
Bulk Zone 1094,South,2094,14.5,2026-06-03,yes
Bulk Zone 1095,North,2095,15.5,2026-06-04,no
Bulk Zone 1096,South,2096,16.5,2026-06-05,yes
Bulk Zone 1097,North,2097,17.5,2026-06-06,yes
Bulk Zone 1098,South,2098,18.5,2026-06-07,no
Bulk Zone 1099,North,2099,19.5,2026-06-08,yes
Bulk Zone 1100,South,2100,20.5,2026-06-09,yes
Bulk Zone 1101,North,2101,21.5,2026-06-10,no
Bulk Zone 1102,South,2102,22.5,2026-06-11,yes
Bulk Zone 1103,North,2103,23.5,2026-06-12,yes
Bulk Zone 1104,South,2104,24.5,2026-06-13,no
Bulk Zone 1105,North,2105,25.5,2026-06-14,yes
Bulk Zone 1106,South,2106,26.5,2026-06-15,yes
Bulk Zone 1107,North,2107,27.5,2026-06-16,no
Bulk Zone 1108,South,2108,28.5,2026-06-17,yes
Bulk Zone 1109,North,2109,29.5,2026-06-18,yes
Bulk Zone 1110,South,2110,30.5,2026-06-19,no
Bulk Zone 1111,North,2111,31.5,2026-06-20,yes
Bulk Zone 1112,South,2112,32.5,2026-06-21,yes
Bulk Zone 1113,North,2113,33.5,2026-06-22,no
Bulk Zone 1114,South,2114,34.5,2026-06-23,yes
Bulk Zone 1115,North,2115,35.5,2026-06-24,yes
Bulk Zone 1116,South,2116,36.5,2026-06-25,no
Bulk Zone 1117,North,2117,37.5,2026-06-26,yes
Bulk Zone 1118,South,2118,38.5,2026-06-27,yes
Bulk Zone 1119,North,2119,39.5,2026-06-28,no
Bulk Zone 1120,South,2120,40.5,2026-06-01,yes
Bulk Zone 1121,North,2121,41.5,2026-06-02,yes
Bulk Zone 1122,South,2122,42.5,2026-06-03,no
Bulk Zone 1123,North,2123,43.5,2026-06-04,yes
Bulk Zone 1124,South,2124,44.5,2026-06-05,yes
Bulk Zone 1125,North,2125,45.5,2026-06-06,no
Bulk Zone 1126,South,2126,46.5,2026-06-07,yes
Bulk Zone 1127,North,2127,47.5,2026-06-08,yes
Bulk Zone 1128,South,2128,48.5,2026-06-09,no
Bulk Zone 1129,North,2129,49.5,2026-06-10,yes
Bulk Zone 1130,South,2130,50.5,2026-06-11,yes
Bulk Zone 1131,North,2131,51.5,2026-06-12,no
Bulk Zone 1132,South,2132,52.5,2026-06-13,yes
Bulk Zone 1133,North,2133,53.5,2026-06-14,yes
Bulk Zone 1134,South,2134,54.5,2026-06-15,no
Bulk Zone 1135,North,2135,55.5,2026-06-16,yes
Bulk Zone 1136,South,2136,56.5,2026-06-17,yes
Bulk Zone 1137,North,2137,57.5,2026-06-18,no
Bulk Zone 1138,South,2138,58.5,2026-06-19,yes
Bulk Zone 1139,North,2139,59.5,2026-06-20,yes
Bulk Zone 1140,South,2140,60.5,2026-06-21,no
Bulk Zone 1141,North,2141,61.5,2026-06-22,yes
Bulk Zone 1142,South,2142,62.5,2026-06-23,yes
Bulk Zone 1143,North,2143,63.5,2026-06-24,no
Bulk Zone 1144,South,2144,64.5,2026-06-25,yes
Bulk Zone 1145,North,2145,65.5,2026-06-26,yes
Bulk Zone 1146,South,2146,66.5,2026-06-27,no
Bulk Zone 1147,North,2147,67.5,2026-06-28,yes
Bulk Zone 1148,South,2148,68.5,2026-06-01,yes
Bulk Zone 1149,North,2149,69.5,2026-06-02,no
Bulk Zone 1150,South,2150,70.5,2026-06-03,yes
Bulk Zone 1151,North,2151,71.5,2026-06-04,yes
Bulk Zone 1152,South,2152,72.5,2026-06-05,no
Bulk Zone 1153,North,2153,73.5,2026-06-06,yes
Bulk Zone 1154,South,2154,74.5,2026-06-07,yes
Bulk Zone 1155,North,2155,75.5,2026-06-08,no
Bulk Zone 1156,South,2156,76.5,2026-06-09,yes
Bulk Zone 1157,North,2157,77.5,2026-06-10,yes
Bulk Zone 1158,South,2158,78.5,2026-06-11,no
Bulk Zone 1159,North,2159,79.5,2026-06-12,yes
Bulk Zone 1160,South,2160,80.5,2026-06-13,yes
Bulk Zone 1161,North,2161,81.5,2026-06-14,no
Bulk Zone 1162,South,2162,82.5,2026-06-15,yes
Bulk Zone 1163,North,2163,83.5,2026-06-16,yes
Bulk Zone 1164,South,2164,84.5,2026-06-17,no
Bulk Zone 1165,North,2165,85.5,2026-06-18,yes
Bulk Zone 1166,South,2166,86.5,2026-06-19,yes
Bulk Zone 1167,North,2167,87.5,2026-06-20,no
Bulk Zone 1168,South,2168,88.5,2026-06-21,yes
Bulk Zone 1169,North,2169,89.5,2026-06-22,yes
Bulk Zone 1170,South,2170,0.5,2026-06-23,no
Bulk Zone 1171,North,2171,1.5,2026-06-24,yes
Bulk Zone 1172,South,2172,2.5,2026-06-25,yes
Bulk Zone 1173,North,2173,3.5,2026-06-26,no
Bulk Zone 1174,South,2174,4.5,2026-06-27,yes
Bulk Zone 1175,North,2175,5.5,2026-06-28,yes
Bulk Zone 1176,South,2176,6.5,2026-06-01,no
Bulk Zone 1177,North,2177,7.5,2026-06-02,yes
Bulk Zone 1178,South,2178,8.5,2026-06-03,yes
Bulk Zone 1179,North,2179,9.5,2026-06-04,no
Bulk Zone 1180,South,2180,10.5,2026-06-05,yes
Bulk Zone 1181,North,2181,11.5,2026-06-06,yes
Bulk Zone 1182,South,2182,12.5,2026-06-07,no
Bulk Zone 1183,North,2183,13.5,2026-06-08,yes
Bulk Zone 1184,South,2184,14.5,2026-06-09,yes
Bulk Zone 1185,North,2185,15.5,2026-06-10,no
Bulk Zone 1186,South,2186,16.5,2026-06-11,yes
Bulk Zone 1187,North,2187,17.5,2026-06-12,yes
Bulk Zone 1188,South,2188,18.5,2026-06-13,no
Bulk Zone 1189,North,2189,19.5,2026-06-14,yes
Bulk Zone 1190,South,2190,20.5,2026-06-15,yes
Bulk Zone 1191,North,2191,21.5,2026-06-16,no
Bulk Zone 1192,South,2192,22.5,2026-06-17,yes
Bulk Zone 1193,North,2193,23.5,2026-06-18,yes
Bulk Zone 1194,South,2194,24.5,2026-06-19,no
Bulk Zone 1195,North,2195,25.5,2026-06-20,yes
Bulk Zone 1196,South,2196,26.5,2026-06-21,yes
Bulk Zone 1197,North,2197,27.5,2026-06-22,no
Bulk Zone 1198,South,2198,28.5,2026-06-23,yes
Bulk Zone 1199,North,2199,29.5,2026-06-24,yes
Bulk Zone 1200,South,2200,30.5,2026-06-25,no
